{
  "tools": [
    {
      "description": "Toolchain for Xtensa (ESP32) based on GCC",
      "export_paths": [
        [
          "xtensa-esp32-elf",
          "bin"
        ]
      ],
      "export_vars": {},
      "info_url": "https://github.com/espressif/crosstool-NG",
      "install": "always",
      "license": "GPL-3.0-with-GCC-exception",
      "name": "xtensa-esp32-elf",
      "version_cmd": [
        "xtensa-esp32-elf-gcc",
        "--version"
      ],
      "version_regex": "\\(crosstool-NG\\s+(?:crosstool-ng-)?([0-9a-zA-Z\\.\\-]+)\\)\\s*([0-9\\.]+)",
      "version_regex_replace": "\\1-\\2",
      "versions": [
        {
          "linux-amd64": {
            "sha256": "e6d47c1dbd8c8cbfe37271e5e2aac53ee88c9e347ae937e22bf0c73f530efbdf",
            "size": 85459985,
            "url": "https://dl.espressif.com/dl/xtensa-esp32-elf-gcc8_2_0-esp-2019r2-linux-amd64.tar.gz"
          },
          "linux-armel": {
            "sha256": "54a199c28f591da2466b21741911bc2ba77ddf82d3d2b66c6ce03c1a0c6835f0",
            "size": 83647538,
            "url": "https://dl.espressif.com/dl/xtensa-esp32-elf-gcc8_2_0-esp-2019r2-linux-armel.tar.gz"
          },
          "linux-i686": {
            "sha256": "36a9648c414dbd1c518c687ce5587d9f8eaa94324f45d92e9ec31a1433a04df8",
            "size": 87438500,
            "url": "https://dl.espressif.com/dl/xtensa-esp32-elf-gcc8_2_0-esp-2019r2-linux-i686.tar.gz"
          },
          "macos": {
            "sha256": "dc62be8dd16c6d9d28d64e2b3f831fa208f3548c2ca73cdbcbdf68f474d59521",
            "size": 92150978,
            "url": "https://dl.espressif.com/dl/xtensa-esp32-elf-gcc8_2_0-esp-2019r2-macos.tar.gz"
          },
          "name": "esp-2019r2-8.2.0",
          "status": "recommended",
          "win32": {
            "sha256": "c9d5776a22516f0825a7c68d835ffacc2392f913136893b7646e1288937cc65e",
            "size": 103850448,
            "url": "https://dl.espressif.com/dl/xtensa-esp32-elf-gcc8_2_0-esp-2019r2-win32.zip"
          },
          "win64": {
            "sha256": "c9d5776a22516f0825a7c68d835ffacc2392f913136893b7646e1288937cc65e",
            "size": 103850448,
            "url": "https://dl.espressif.com/dl/xtensa-esp32-elf-gcc8_2_0-esp-2019r2-win32.zip"
          }
        }
      ]
    },
    {
      "description": "Toolchain for Xtensa (ESP32-S2) based on GCC",
      "export_paths": [
        [
          "xtensa-esp32s2-elf",
          "bin"
        ]
      ],
      "export_vars": {},
      "info_url": "https://github.com/espressif/crosstool-NG",
      "install": "always",
      "license": "GPL-3.0-with-GCC-exception",
      "name": "xtensa-esp32s2-elf",
      "version_cmd": [
        "xtensa-esp32s2-elf-gcc",
        "--version"
      ],
      "version_regex": "\\(crosstool-NG\\s+(?:crosstool-ng-)?([0-9a-zA-Z\\.\\-]+)\\)\\s*([0-9\\.]+)",
      "version_regex_replace": "\\1-\\2",
      "versions": [
        {
          "linux-amd64": {
            "sha256": "59c6951e39937b9dfa53cca6d7707984ee39572071e56d11069f032d079477f5",
            "size": 85762044,
            "url": "https://dl.espressif.com/dl/xtensa-esp32s2-elf-gcc8_2_0-esp-2019r2-linux-amd64.tar.gz"
          },
          "linux-armel": {
            "sha256": "92d80cf640db34913b91c1d8dae1632a7f5a740b5dcf39a3bea750b5dba05caa",
            "size": 84036647,
            "url": "https://dl.espressif.com/dl/xtensa-esp32s2-elf-gcc8_2_0-esp-2019r2-linux-armel.tar.gz"
          },
          "linux-i686": {
            "sha256": "d31c39dce8e6faa36807152a8afa8fe79d491bc551ad27dff1fed2f31dd6a39e",
            "size": 87755342,
            "url": "https://dl.espressif.com/dl/xtensa-esp32s2-elf-gcc8_2_0-esp-2019r2-linux-i686.tar.gz"
          },
          "macos": {
            "sha256": "01f6d9b6d25a550975a16d2634a577a0c0f3c3c24db10edd1b714f9c192f490d",
            "size": 92535775,
            "url": "https://dl.espressif.com/dl/xtensa-esp32s2-elf-gcc8_2_0-esp-2019r2-macos.tar.gz"
          },
          "name": "esp-2019r2-8.2.0",
          "status": "recommended",
          "win32": {
            "sha256": "f9b69732bd4e90d4558547f6a2d33f78433971e9e4f04968515cf460ea6de79a",
            "size": 104254613,
            "url": "https://dl.espressif.com/dl/xtensa-esp32s2-elf-gcc8_2_0-esp-2019r2-win32.zip"
          },
          "win64": {
            "sha256": "f9b69732bd4e90d4558547f6a2d33f78433971e9e4f04968515cf460ea6de79a",
            "size": 104254613,
            "url": "https://dl.espressif.com/dl/xtensa-esp32s2-elf-gcc8_2_0-esp-2019r2-win32.zip"
          }
        }
      ]
    },
    {
      "description": "Toolchain for ESP32 ULP coprocessor",
      "export_paths": [
        [
          "esp32ulp-elf-binutils",
          "bin"
        ]
      ],
      "export_vars": {},
      "info_url": "https://github.com/espressif/binutils-esp32ulp",
      "install": "always",
      "license": "GPL-2.0-or-later",
      "name": "esp32ulp-elf",
      "platform_overrides": [
        {
          "install": "never",
          "platforms": [
            "linux-i686"
          ]
        }
      ],
      "version_cmd": [
        "esp32ulp-elf-as",
        "--version"
      ],
      "version_regex": "\\(GNU Binutils\\)\\s+([0-9a-z\\.\\-]+)",
      "versions": [
        {
          "linux-amd64": {
            "sha256": "3016c4fc551181175bd9979869bc1d1f28fa8efa25a0e29ad7f833fca4bc03d7",
            "size": 8248656,
            "url": "https://github.com/espressif/binutils-esp32ulp/releases/download/v2.28.51-esp-20191205/binutils-esp32ulp-linux-amd64-2.28.51-esp-20191205.tar.gz"
          },
          "linux-armel": {
            "sha256": "88967c086a6e71834282d9ae05841ee74dae1815f27807b25cdd3f7775a47101",
            "size": 8033639,
            "url": "https://github.com/espressif/binutils-esp32ulp/releases/download/v2.28.51-esp-20191205/binutils-esp32ulp-linux-armel-2.28.51-esp-20191205.tar.gz"
          },
          "macos": {
            "sha256": "a35d9e7a0445247c7fc9dccd3fbc35682f0fafc28beeb10c94b59466317190c4",
            "size": 8872874,
            "url": "https://github.com/espressif/binutils-esp32ulp/releases/download/v2.28.51-esp-20191205/binutils-esp32ulp-macos-2.28.51-esp-20191205.tar.gz"
          },
          "name": "2.28.51-esp-20191205",
          "status": "recommended",
          "win32": {
            "sha256": "bade309353a9f0a4e5cc03bfe84845e33205f05502c4b199195e871ded271ab5",
            "size": 12234162,
            "url": "https://github.com/espressif/binutils-esp32ulp/releases/download/v2.28.51-esp-20191205/binutils-esp32ulp-win32-2.28.51-esp-20191205.zip"
          },
          "win64": {
            "sha256": "bade309353a9f0a4e5cc03bfe84845e33205f05502c4b199195e871ded271ab5",
            "size": 12234162,
            "url": "https://github.com/espressif/binutils-esp32ulp/releases/download/v2.28.51-esp-20191205/binutils-esp32ulp-win32-2.28.51-esp-20191205.zip"
          }
        }
      ]
    },
    {
      "description": "Toolchain for ESP32-S2 ULP coprocessor",
      "export_paths": [
        [
          "esp32s2ulp-elf-binutils",
          "bin"
        ]
      ],
      "export_vars": {},
      "info_url": "https://github.com/espressif/binutils-esp32ulp",
      "install": "always",
      "license": "GPL-2.0-or-later",
      "name": "esp32s2ulp-elf",
      "platform_overrides": [
        {
          "install": "never",
          "platforms": [
            "linux-i686"
          ]
        }
      ],
      "version_cmd": [
        "esp32s2ulp-elf-as",
        "--version"
      ],
      "version_regex": "\\(GNU Binutils\\)\\s+([0-9a-z\\.\\-]+)",
      "versions": [
        {
          "linux-amd64": {
            "sha256": "df7b2ff6c7c718a7cbe3b4b6dbcd68180d835d164d1913bc4698fd3781b9a466",
            "size": 8254018,
            "url": "https://github.com/espressif/binutils-esp32ulp/releases/download/v2.28.51-esp-20191205/binutils-esp32s2ulp-linux-amd64-2.28.51-esp-20191205.tar.gz"
          },
          "linux-armel": {
            "sha256": "893b213c8f716d455a6efb2b08b6cf1bc34d08b78ee19c31e82ac44b1b45417e",
            "size": 8034624,
            "url": "https://github.com/espressif/binutils-esp32ulp/releases/download/v2.28.51-esp-20191205/binutils-esp32s2ulp-linux-armel-2.28.51-esp-20191205.tar.gz"
          },
          "macos": {
            "sha256": "5a9bb678a5246638cbda303f523d9bb8121a9a24dc01ecb22c21c46c41184155",
            "size": 8876194,
            "url": "https://github.com/espressif/binutils-esp32ulp/releases/download/v2.28.51-esp-20191205/binutils-esp32s2ulp-macos-2.28.51-esp-20191205.tar.gz"
          },
          "name": "2.28.51-esp-20191205",
          "status": "recommended",
          "win32": {
            "sha256": "587de59fbb469a39f96168ae3eaa9f06b2601e6e0543c87eaf1bd97f23e5c4ca",
            "size": 12239199,
            "url": "https://github.com/espressif/binutils-esp32ulp/releases/download/v2.28.51-esp-20191205/binutils-esp32s2ulp-win32-2.28.51-esp-20191205.zip"
          },
          "win64": {
            "sha256": "587de59fbb469a39f96168ae3eaa9f06b2601e6e0543c87eaf1bd97f23e5c4ca",
            "size": 12239199,
            "url": "https://github.com/espressif/binutils-esp32ulp/releases/download/v2.28.51-esp-20191205/binutils-esp32s2ulp-win32-2.28.51-esp-20191205.zip"
          }
        }
      ]
    },
    {
      "description": "CMake build system",
      "export_paths": [
        [
          "bin"
        ]
      ],
      "export_vars": {},
      "info_url": "https://github.com/Kitware/CMake",
      "install": "on_request",
      "license": "BSD-3-Clause",
      "name": "cmake",
      "platform_overrides": [
        {
          "install": "always",
          "platforms": [
            "win32",
            "win64"
          ]
        },
        {
          "export_paths": [
            [
              "CMake.app",
              "Contents",
              "bin"
            ]
          ],
          "platforms": [
            "macos"
          ]
        }
      ],
      "strip_container_dirs": 1,
      "version_cmd": [
        "cmake",
        "--version"
      ],
      "version_regex": "cmake version ([0-9.]+)",
      "versions": [
        {
          "linux-amd64": {
            "sha256": "563a39e0a7c7368f81bfa1c3aff8b590a0617cdfe51177ddc808f66cc0866c76",
            "size": 38405896,
            "url": "https://github.com/Kitware/CMake/releases/download/v3.13.4/cmake-3.13.4-Linux-x86_64.tar.gz"
          },
          "macos": {
            "sha256": "fef537614d73fda848f6168273b6c7ba45f850484533361e7bc50ac1d315f780",
            "size": 32062124,
            "url": "https://github.com/Kitware/CMake/releases/download/v3.13.4/cmake-3.13.4-Darwin-x86_64.tar.gz"
          },
          "name": "3.13.4",
          "status": "recommended",
          "win32": {
            "sha256": "28daf772f55d817a13ef14e25af2a5569f8326dac66a6aa3cc5208cf1f8e943f",
            "size": 26385104,
            "url": "https://github.com/Kitware/CMake/releases/download/v3.13.4/cmake-3.13.4-win32-x86.zip"
          },
          "win64": {
            "sha256": "bcd477d49e4a9400b41213d53450b474beaedb264631693c958ef9affa8e5623",
            "size": 29696565,
            "url": "https://github.com/Kitware/CMake/releases/download/v3.13.4/cmake-3.13.4-win64-x64.zip"
          }
        }
      ]
    },
    {
      "description": "OpenOCD for ESP32",
      "export_paths": [
        [
          "openocd-esp32",
          "bin"
        ]
      ],
      "export_vars": {
        "OPENOCD_SCRIPTS": "${TOOL_PATH}/openocd-esp32/share/openocd/scripts"
      },
      "info_url": "https://github.com/espressif/openocd-esp32",
      "install": "always",
      "license": "GPL-2.0-only",
      "name": "openocd-esp32",
      "platform_overrides": [
        {
          "install": "on_request",
          "platforms": [
            "linux-i686"
          ]
        }
      ],
      "version_cmd": [
        "openocd",
        "--version"
      ],
      "version_regex": "Open On-Chip Debugger\\s+([a-z0-9.-]+)\\s+",
      "versions": [
        {
          "linux-amd64": {
            "sha256": "978213e8345dd19762c79d4bda309331bb78db3d2a7f7193641dfcc978f6e5e5",
            "size": 1680363,
            "url": "https://github.com/espressif/openocd-esp32/releases/download/v0.10.0-esp32-20191114/openocd-esp32-linux64-0.10.0-esp32-20191114.tar.gz"
          },
          "linux-armel": {
            "sha256": "3b41d889e54c03d26ebf4423084a1c25a9b0a8c5d93359a3eece1754377dbd81",
            "size": 1730768,
            "url": "https://github.com/espressif/openocd-esp32/releases/download/v0.10.0-esp32-20191114/openocd-esp32-armel-0.10.0-esp32-20191114.tar.gz"
          },
          "macos": {
            "sha256": "75ca2e235c35157d6dad2106cc62210ccb99b736da6940179aa1644fe1ae8c2b",
            "size": 1765567,
            "url": "https://github.com/espressif/openocd-esp32/releases/download/v0.10.0-esp32-20191114/openocd-esp32-macos-0.10.0-esp32-20191114.tar.gz"
          },
          "name": "v0.10.0-esp32-20191114",
          "status": "recommended",
          "win32": {
            "sha256": "698bfa5903c99e2ee0a1898379b3a40451fcecbc1fd4fde4f2f1494e5725e7ab",
            "size": 2102699,
            "url": "https://github.com/espressif/openocd-esp32/releases/download/v0.10.0-esp32-20191114/openocd-esp32-win32-0.10.0-esp32-20191114.zip"
          },
          "win64": {
            "sha256": "698bfa5903c99e2ee0a1898379b3a40451fcecbc1fd4fde4f2f1494e5725e7ab",
            "size": 2102699,
            "url": "https://github.com/espressif/openocd-esp32/releases/download/v0.10.0-esp32-20191114/openocd-esp32-win32-0.10.0-esp32-20191114.zip"
          }
        }
      ]
    },
    {
      "description": "Ninja build system",
      "export_paths": [
        [
          ""
        ]
      ],
      "export_vars": {},
      "info_url": "https://github.com/ninja-build/ninja",
      "install": "on_request",
      "license": "Apache-2.0",
      "name": "ninja",
      "platform_overrides": [
        {
          "install": "always",
          "platforms": [
            "win32",
            "win64"
          ]
        }
      ],
      "version_cmd": [
        "ninja",
        "--version"
      ],
      "version_regex": "([0-9.]+)",
      "versions": [
        {
          "linux-amd64": {
            "sha256": "978fd9e26c2db8d33392c6daef50e9edac0a3db6680710a9f9ad47e01f3e49b7",
            "size": 85276,
            "url": "https://dl.espressif.com/dl/ninja-1.9.0-linux64.tar.gz"
          },
          "macos": {
            "sha256": "9504cd1783ef3c242d06330a50d54dc8f838b605f5fc3e892c47254929f7350c",
            "size": 91457,
            "url": "https://dl.espressif.com/dl/ninja-1.9.0-osx.tar.gz"
          },
          "name": "1.9.0",
          "status": "recommended",
          "win64": {
            "sha256": "2d70010633ddaacc3af4ffbd21e22fae90d158674a09e132e06424ba3ab036e9",
            "size": 254497,
            "url": "https://dl.espressif.com/dl/ninja-1.9.0-win64.zip"
          }
        }
      ]
    },
    {
      "description": "IDF wrapper tool for Windows",
      "export_paths": [
        [
          ""
        ]
      ],
      "export_vars": {},
      "info_url": "https://github.com/espressif/esp-idf/tree/master/tools/windows/idf_exe",
      "install": "never",
      "license": "Apache-2.0",
      "name": "idf-exe",
      "platform_overrides": [
        {
          "install": "always",
          "platforms": [
            "win32",
            "win64"
          ]
        }
      ],
      "version_cmd": [
        "idf.py.exe",
        "-v"
      ],
      "version_regex": "([0-9.]+)",
      "versions": [
        {
          "name": "1.0.1",
          "status": "recommended",
          "win32": {
            "sha256": "53eb6aaaf034cc7ed1a97d5c577afa0f99815b7793905e9408e74012d357d04a",
            "size": 11297,
            "url": "https://dl.espressif.com/dl/idf-exe-v1.0.1.zip"
          },
          "win64": {
            "sha256": "53eb6aaaf034cc7ed1a97d5c577afa0f99815b7793905e9408e74012d357d04a",
            "size": 11297,
            "url": "https://dl.espressif.com/dl/idf-exe-v1.0.1.zip"
          }
        }
      ]
    },
    {
      "description": "Ccache (compiler cache)",
      "export_paths": [
        [
          ""
        ]
      ],
      "export_vars": {
        "IDF_CCACHE_ENABLE": "1"
      },
      "info_url": "https://github.com/ccache/ccache",
      "install": "never",
      "license": "GPL-3.0-or-later",
      "name": "ccache",
      "platform_overrides": [
        {
          "install": "always",
          "platforms": [
            "win64"
          ]
        }
      ],
      "version_cmd": [
        "ccache.exe",
        "--version"
      ],
      "version_regex": "ccache version ([0-9.]+)",
      "versions": [
        {
          "name": "3.7",
          "status": "recommended",
          "win64": {
            "sha256": "37e833f3f354f1145503533e776c1bd44ec2e77ff8a2476a1d2039b0b10c78d6",
            "size": 142401,
            "url": "https://dl.espressif.com/dl/ccache-3.7-w64.zip"
          }
        }
      ]
    }
  ],
  "version": 1
}
