{
  "tools": [
    {
      "description": "Toolchain for Xtensa (ESP32) based on GCC",
      "export_paths": [
        [
          "xtensa-esp32-elf",
          "bin"
        ]
      ],
      "export_vars": {},
      "info_url": "https://github.com/espressif/crosstool-NG",
      "install": "always",
      "license": "GPL-3.0-with-GCC-exception",
      "name": "xtensa-esp32-elf",
      "version_cmd": [
        "xtensa-esp32-elf-gcc",
        "--version"
      ],
      "version_regex": "\\(crosstool-NG\\s+(?:crosstool-ng-)?([0-9a-zA-Z\\.\\-]+)\\)\\s*([0-9\\.]+)",
      "version_regex_replace": "\\1-\\2",
      "versions": [
        {
          "linux-amd64": {
            "sha256": "674080a12f9c5ebe5a3a5ce51c6deaeffe6dfb06d6416233df86f25b574e9279",
            "size": 85731226,
            "url": "https://dl.espressif.com/dl/xtensa-esp32-elf-gcc8_4_0-esp-2020r3-linux-amd64.tar.gz"
          },
          "linux-armel": {
            "sha256": "6771e011dffa2438ef84ff3474538b4a69df8f9d4cfae3b3707ca31c782ed7db",
            "size": 83888892,
            "url": "https://dl.espressif.com/dl/xtensa-esp32-elf-gcc8_4_0-esp-2020r3-linux-armel.tar.gz"
          },
          "linux-i686": {
            "sha256": "076b7e05304e26aa6ec105c9e0dc74addca079bc2cae6e42ee7575c5ded29877",
            "size": 87715092,
            "url": "https://dl.espressif.com/dl/xtensa-esp32-elf-gcc8_4_0-esp-2020r3-linux-i686.tar.gz"
          },
          "macos": {
            "sha256": "6845f786303b26c4a55ede57487ba65bd25737232fe6104be03f25bb62f4631c",
            "size": 92424226,
            "url": "https://dl.espressif.com/dl/xtensa-esp32-elf-gcc8_4_0-esp-2020r3-macos.tar.gz"
          },
          "name": "esp-2020r3-8.4.0",
          "status": "recommended",
          "win32": {
            "sha256": "81cecd5493a3fcf2118977f3fd60bd0a13a4aeac8fe6760d912f96d2c34fab66",
            "size": 104226379,
            "url": "https://dl.espressif.com/dl/xtensa-esp32-elf-gcc8_4_0-esp-2020r3-win32.zip"
          },
          "win64": {
            "sha256": "58419852fefb7111fdec056ac2fd7c4bd09c1f4c17610a761a97b788413527cf",
            "size": 106855139,
            "url": "https://dl.espressif.com/dl/xtensa-esp32-elf-gcc8_4_0-esp-2020r3-win64.zip"
          }
        }
      ]
    },
    {
      "description": "Toolchain for Xtensa (ESP32-S2) based on GCC",
      "export_paths": [
        [
          "xtensa-esp32s2-elf",
          "bin"
        ]
      ],
      "export_vars": {},
      "info_url": "https://github.com/espressif/crosstool-NG",
      "install": "always",
      "license": "GPL-3.0-with-GCC-exception",
      "name": "xtensa-esp32s2-elf",
      "version_cmd": [
        "xtensa-esp32s2-elf-gcc",
        "--version"
      ],
      "version_regex": "\\(crosstool-NG\\s+(?:crosstool-ng-)?([0-9a-zA-Z\\.\\-]+)\\)\\s*([0-9\\.]+)",
      "version_regex_replace": "\\1-\\2",
      "versions": [
        {
          "linux-amd64": {
            "sha256": "40fafa47045167feda0cd07827db5207ebfeb4a3b6b24475957a921bc92805ed",
            "size": 86069526,
            "url": "https://dl.espressif.com/dl/xtensa-esp32s2-elf-gcc8_4_0-esp-2020r3-linux-amd64.tar.gz"
          },
          "linux-armel": {
            "sha256": "6c1efec4c7829202279388ccb388e8a17a34464bc351d677c4f04d95ea4b4ce0",
            "size": 84254468,
            "url": "https://dl.espressif.com/dl/xtensa-esp32s2-elf-gcc8_4_0-esp-2020r3-linux-armel.tar.gz"
          },
          "linux-i686": {
            "sha256": "bd3a91166206a1a7ff7c572e15389e1938c3cdce588032a5e915be677a945638",
            "size": 88053499,
            "url": "https://dl.espressif.com/dl/xtensa-esp32s2-elf-gcc8_4_0-esp-2020r3-linux-i686.tar.gz"
          },
          "macos": {
            "sha256": "fe19b0c873879d8d89ec040f4db04a3ab27d769d3fd5f55fe59a28b6b111d09c",
            "size": 92817351,
            "url": "https://dl.espressif.com/dl/xtensa-esp32s2-elf-gcc8_4_0-esp-2020r3-macos.tar.gz"
          },
          "name": "esp-2020r3-8.4.0",
          "status": "recommended",
          "win32": {
            "sha256": "d078d614ae864ae4a37fcb5b83323af0a5cfdbd8243607664becdd0f977a1e33",
            "size": 104659541,
            "url": "https://dl.espressif.com/dl/xtensa-esp32s2-elf-gcc8_4_0-esp-2020r3-win32.zip"
          },
          "win64": {
            "sha256": "6ea78b72ec52330b69af91dbe6c77c22bdc827817f044aa30306270453032bb4",
            "size": 107228353,
            "url": "https://dl.espressif.com/dl/xtensa-esp32s2-elf-gcc8_4_0-esp-2020r3-win64.zip"
          }
        }
      ]
    },
    {
      "description": "Toolchain for ESP32 ULP coprocessor",
      "export_paths": [
        [
          "esp32ulp-elf-binutils",
          "bin"
        ]
      ],
      "export_vars": {},
      "info_url": "https://github.com/espressif/binutils-esp32ulp",
      "install": "always",
      "license": "GPL-2.0-or-later",
      "name": "esp32ulp-elf",
      "platform_overrides": [
        {
          "install": "never",
          "platforms": [
            "linux-i686"
          ]
        }
      ],
      "version_cmd": [
        "esp32ulp-elf-as",
        "--version"
      ],
      "version_regex": "\\(GNU Binutils\\)\\s+([0-9a-z\\.\\-]+)",
      "versions": [
        {
          "linux-amd64": {
            "sha256": "3016c4fc551181175bd9979869bc1d1f28fa8efa25a0e29ad7f833fca4bc03d7",
            "size": 8248656,
            "url": "https://github.com/espressif/binutils-esp32ulp/releases/download/v2.28.51-esp-20191205/binutils-esp32ulp-linux-amd64-2.28.51-esp-20191205.tar.gz"
          },
          "linux-armel": {
            "sha256": "88967c086a6e71834282d9ae05841ee74dae1815f27807b25cdd3f7775a47101",
            "size": 8033639,
            "url": "https://github.com/espressif/binutils-esp32ulp/releases/download/v2.28.51-esp-20191205/binutils-esp32ulp-linux-armel-2.28.51-esp-20191205.tar.gz"
          },
          "macos": {
            "sha256": "a35d9e7a0445247c7fc9dccd3fbc35682f0fafc28beeb10c94b59466317190c4",
            "size": 8872874,
            "url": "https://github.com/espressif/binutils-esp32ulp/releases/download/v2.28.51-esp-20191205/binutils-esp32ulp-macos-2.28.51-esp-20191205.tar.gz"
          },
          "name": "2.28.51-esp-20191205",
          "status": "recommended",
          "win32": {
            "sha256": "bade309353a9f0a4e5cc03bfe84845e33205f05502c4b199195e871ded271ab5",
            "size": 12234162,
            "url": "https://github.com/espressif/binutils-esp32ulp/releases/download/v2.28.51-esp-20191205/binutils-esp32ulp-win32-2.28.51-esp-20191205.zip"
          },
          "win64": {
            "sha256": "bade309353a9f0a4e5cc03bfe84845e33205f05502c4b199195e871ded271ab5",
            "size": 12234162,
            "url": "https://github.com/espressif/binutils-esp32ulp/releases/download/v2.28.51-esp-20191205/binutils-esp32ulp-win32-2.28.51-esp-20191205.zip"
          }
        }
      ]
    },
    {
      "description": "Toolchain for ESP32-S2 ULP coprocessor",
      "export_paths": [
        [
          "esp32s2ulp-elf-binutils",
          "bin"
        ]
      ],
      "export_vars": {},
      "info_url": "https://github.com/espressif/binutils-esp32ulp",
      "install": "always",
      "license": "GPL-2.0-or-later",
      "name": "esp32s2ulp-elf",
      "platform_overrides": [
        {
          "install": "never",
          "platforms": [
            "linux-i686"
          ]
        }
      ],
      "version_cmd": [
        "esp32s2ulp-elf-as",
        "--version"
      ],
      "version_regex": "\\(GNU Binutils\\)\\s+([0-9a-z\\.\\-]+)",
      "versions": [
        {
          "linux-amd64": {
            "sha256": "df7b2ff6c7c718a7cbe3b4b6dbcd68180d835d164d1913bc4698fd3781b9a466",
            "size": 8254018,
            "url": "https://github.com/espressif/binutils-esp32ulp/releases/download/v2.28.51-esp-20191205/binutils-esp32s2ulp-linux-amd64-2.28.51-esp-20191205.tar.gz"
          },
          "linux-armel": {
            "sha256": "893b213c8f716d455a6efb2b08b6cf1bc34d08b78ee19c31e82ac44b1b45417e",
            "size": 8034624,
            "url": "https://github.com/espressif/binutils-esp32ulp/releases/download/v2.28.51-esp-20191205/binutils-esp32s2ulp-linux-armel-2.28.51-esp-20191205.tar.gz"
          },
          "macos": {
            "sha256": "5a9bb678a5246638cbda303f523d9bb8121a9a24dc01ecb22c21c46c41184155",
            "size": 8876194,
            "url": "https://github.com/espressif/binutils-esp32ulp/releases/download/v2.28.51-esp-20191205/binutils-esp32s2ulp-macos-2.28.51-esp-20191205.tar.gz"
          },
          "name": "2.28.51-esp-20191205",
          "status": "recommended",
          "win32": {
            "sha256": "587de59fbb469a39f96168ae3eaa9f06b2601e6e0543c87eaf1bd97f23e5c4ca",
            "size": 12239199,
            "url": "https://github.com/espressif/binutils-esp32ulp/releases/download/v2.28.51-esp-20191205/binutils-esp32s2ulp-win32-2.28.51-esp-20191205.zip"
          },
          "win64": {
            "sha256": "587de59fbb469a39f96168ae3eaa9f06b2601e6e0543c87eaf1bd97f23e5c4ca",
            "size": 12239199,
            "url": "https://github.com/espressif/binutils-esp32ulp/releases/download/v2.28.51-esp-20191205/binutils-esp32s2ulp-win32-2.28.51-esp-20191205.zip"
          }
        }
      ]
    },
    {
      "description": "CMake build system",
      "export_paths": [
        [
          "bin"
        ]
      ],
      "export_vars": {},
      "info_url": "https://github.com/Kitware/CMake",
      "install": "on_request",
      "license": "BSD-3-Clause",
      "name": "cmake",
      "platform_overrides": [
        {
          "install": "always",
          "platforms": [
            "win32",
            "win64"
          ]
        },
        {
          "export_paths": [
            [
              "CMake.app",
              "Contents",
              "bin"
            ]
          ],
          "platforms": [
            "macos"
          ]
        }
      ],
      "strip_container_dirs": 1,
      "version_cmd": [
        "cmake",
        "--version"
      ],
      "version_regex": "cmake version ([0-9.]+)",
      "versions": [
        {
          "linux-amd64": {
            "sha256": "563a39e0a7c7368f81bfa1c3aff8b590a0617cdfe51177ddc808f66cc0866c76",
            "size": 38405896,
            "url": "https://github.com/Kitware/CMake/releases/download/v3.13.4/cmake-3.13.4-Linux-x86_64.tar.gz"
          },
          "macos": {
            "sha256": "fef537614d73fda848f6168273b6c7ba45f850484533361e7bc50ac1d315f780",
            "size": 32062124,
            "url": "https://github.com/Kitware/CMake/releases/download/v3.13.4/cmake-3.13.4-Darwin-x86_64.tar.gz"
          },
          "name": "3.13.4",
          "status": "recommended",
          "win32": {
            "sha256": "28daf772f55d817a13ef14e25af2a5569f8326dac66a6aa3cc5208cf1f8e943f",
            "size": 26385104,
            "url": "https://github.com/Kitware/CMake/releases/download/v3.13.4/cmake-3.13.4-win32-x86.zip"
          },
          "win64": {
            "sha256": "bcd477d49e4a9400b41213d53450b474beaedb264631693c958ef9affa8e5623",
            "size": 29696565,
            "url": "https://github.com/Kitware/CMake/releases/download/v3.13.4/cmake-3.13.4-win64-x64.zip"
          }
        }
      ]
    },
    {
      "description": "OpenOCD for ESP32",
      "export_paths": [
        [
          "openocd-esp32",
          "bin"
        ]
      ],
      "export_vars": {
        "OPENOCD_SCRIPTS": "${TOOL_PATH}/openocd-esp32/share/openocd/scripts"
      },
      "info_url": "https://github.com/espressif/openocd-esp32",
      "install": "always",
      "license": "GPL-2.0-only",
      "name": "openocd-esp32",
      "platform_overrides": [
        {
          "install": "on_request",
          "platforms": [
            "linux-i686"
          ]
        }
      ],
      "version_cmd": [
        "openocd",
        "--version"
      ],
      "version_regex": "Open On-Chip Debugger\\s+([a-z0-9.-]+)\\s+",
      "versions": [
        {
          "linux-amd64": {
            "sha256": "978213e8345dd19762c79d4bda309331bb78db3d2a7f7193641dfcc978f6e5e5",
            "size": 1680363,
            "url": "https://github.com/espressif/openocd-esp32/releases/download/v0.10.0-esp32-20191114/openocd-esp32-linux64-0.10.0-esp32-20191114.tar.gz"
          },
          "linux-armel": {
            "sha256": "3b41d889e54c03d26ebf4423084a1c25a9b0a8c5d93359a3eece1754377dbd81",
            "size": 1730768,
            "url": "https://github.com/espressif/openocd-esp32/releases/download/v0.10.0-esp32-20191114/openocd-esp32-armel-0.10.0-esp32-20191114.tar.gz"
          },
          "macos": {
            "sha256": "75ca2e235c35157d6dad2106cc62210ccb99b736da6940179aa1644fe1ae8c2b",
            "size": 1765567,
            "url": "https://github.com/espressif/openocd-esp32/releases/download/v0.10.0-esp32-20191114/openocd-esp32-macos-0.10.0-esp32-20191114.tar.gz"
          },
          "name": "v0.10.0-esp32-20191114",
          "status": "recommended",
          "win32": {
            "sha256": "698bfa5903c99e2ee0a1898379b3a40451fcecbc1fd4fde4f2f1494e5725e7ab",
            "size": 2102699,
            "url": "https://github.com/espressif/openocd-esp32/releases/download/v0.10.0-esp32-20191114/openocd-esp32-win32-0.10.0-esp32-20191114.zip"
          },
          "win64": {
            "sha256": "698bfa5903c99e2ee0a1898379b3a40451fcecbc1fd4fde4f2f1494e5725e7ab",
            "size": 2102699,
            "url": "https://github.com/espressif/openocd-esp32/releases/download/v0.10.0-esp32-20191114/openocd-esp32-win32-0.10.0-esp32-20191114.zip"
          }
        }
      ]
    },
    {
      "description": "Ninja build system",
      "export_paths": [
        [
          ""
        ]
      ],
      "export_vars": {},
      "info_url": "https://github.com/ninja-build/ninja",
      "install": "on_request",
      "license": "Apache-2.0",
      "name": "ninja",
      "platform_overrides": [
        {
          "install": "always",
          "platforms": [
            "win32",
            "win64"
          ]
        }
      ],
      "version_cmd": [
        "ninja",
        "--version"
      ],
      "version_regex": "([0-9.]+)",
      "versions": [
        {
          "linux-amd64": {
            "sha256": "978fd9e26c2db8d33392c6daef50e9edac0a3db6680710a9f9ad47e01f3e49b7",
            "size": 85276,
            "url": "https://dl.espressif.com/dl/ninja-1.9.0-linux64.tar.gz"
          },
          "macos": {
            "sha256": "9504cd1783ef3c242d06330a50d54dc8f838b605f5fc3e892c47254929f7350c",
            "size": 91457,
            "url": "https://dl.espressif.com/dl/ninja-1.9.0-osx.tar.gz"
          },
          "name": "1.9.0",
          "status": "recommended",
          "win64": {
            "sha256": "2d70010633ddaacc3af4ffbd21e22fae90d158674a09e132e06424ba3ab036e9",
            "size": 254497,
            "url": "https://dl.espressif.com/dl/ninja-1.9.0-win64.zip"
          }
        }
      ]
    },
    {
      "description": "IDF wrapper tool for Windows",
      "export_paths": [
        [
          ""
        ]
      ],
      "export_vars": {},
      "info_url": "https://github.com/espressif/esp-idf/tree/master/tools/windows/idf_exe",
      "install": "never",
      "license": "Apache-2.0",
      "name": "idf-exe",
      "platform_overrides": [
        {
          "install": "always",
          "platforms": [
            "win32",
            "win64"
          ]
        }
      ],
      "version_cmd": [
        "idf.py.exe",
        "-v"
      ],
      "version_regex": "([0-9.]+)",
      "versions": [
        {
          "name": "1.0.1",
          "status": "recommended",
          "win32": {
            "sha256": "53eb6aaaf034cc7ed1a97d5c577afa0f99815b7793905e9408e74012d357d04a",
            "size": 11297,
            "url": "https://dl.espressif.com/dl/idf-exe-v1.0.1.zip"
          },
          "win64": {
            "sha256": "53eb6aaaf034cc7ed1a97d5c577afa0f99815b7793905e9408e74012d357d04a",
            "size": 11297,
            "url": "https://dl.espressif.com/dl/idf-exe-v1.0.1.zip"
          }
        }
      ]
    },
    {
      "description": "Ccache (compiler cache)",
      "export_paths": [
        [
          ""
        ]
      ],
      "export_vars": {
        "IDF_CCACHE_ENABLE": "1"
      },
      "info_url": "https://github.com/ccache/ccache",
      "install": "never",
      "license": "GPL-3.0-or-later",
      "name": "ccache",
      "platform_overrides": [
        {
          "install": "always",
          "platforms": [
            "win64"
          ]
        }
      ],
      "version_cmd": [
        "ccache.exe",
        "--version"
      ],
      "version_regex": "ccache version ([0-9.]+)",
      "versions": [
        {
          "name": "3.7",
          "status": "recommended",
          "win64": {
            "sha256": "37e833f3f354f1145503533e776c1bd44ec2e77ff8a2476a1d2039b0b10c78d6",
            "size": 142401,
            "url": "https://dl.espressif.com/dl/ccache-3.7-w64.zip"
          }
        }
      ]
    }
  ],
  "version": 1
}
