{
  "tools": [
    {
      "description": "Toolchain for Xtensa (ESP32) based on GCC",
      "export_paths": [
        [
          "xtensa-esp32-elf",
          "bin"
        ]
      ],
      "export_vars": {},
      "info_url": "https://github.com/espressif/crosstool-NG",
      "install": "always",
      "license": "GPL-3.0-with-GCC-exception",
      "name": "xtensa-esp32-elf",
      "version_cmd": [
        "xtensa-esp32-elf-gcc",
        "--version"
      ],
      "version_regex": "\\(crosstool-NG\\s+(?:crosstool-ng-)?([0-9a-zA-Z\\.\\-_]+)\\)\\s*([0-9\\.]+)",
      "version_regex_replace": "\\1-\\2",
      "versions": [
        {
          "linux-amd64": {
            "sha256": "44a0b467b9d2b759ab48b2f27aed684581f33c96e2842992781c4e045992c5b0",
            "size": 86361217,
            "url": "https://github.com/espressif/crosstool-NG/releases/download/esp-2021r1/xtensa-esp32-elf-gcc8_4_0-esp-2021r1-linux-amd64.tar.gz"
          },
          "linux-armel": {
            "sha256": "fdacdb2a7bbf6293bcafda9b52463a4da8a2f3b7e1df9f83d35ff9d1efa22012",
            "size": 84520407,
            "url": "https://github.com/espressif/crosstool-NG/releases/download/esp-2021r1/xtensa-esp32-elf-gcc8_4_0-esp-2021r1-linux-armel.tar.gz"
          },
          "linux-i686": {
            "sha256": "e2024096492dfaa50fc6ac336cd8faa2e395e8cebb617753eab0b5f16d3dd0dc",
            "size": 88375391,
            "url": "https://github.com/espressif/crosstool-NG/releases/download/esp-2021r1/xtensa-esp32-elf-gcc8_4_0-esp-2021r1-linux-i686.tar.gz"
          },
          "macos": {
            "sha256": "7bbc6a2b94f009cd8a3351b9c7acf7a5caa1c4d3700500ead60f84965386a61b",
            "size": 93357296,
            "url": "https://github.com/espressif/crosstool-NG/releases/download/esp-2021r1/xtensa-esp32-elf-gcc8_4_0-esp-2021r1-macos.tar.gz"
          },
          "name": "esp-2021r1-8.4.0",
          "status": "recommended",
          "win32": {
            "sha256": "e4f9fdda192abfc9807e3e7fcd6e9fea30c1a0cf3f3c5a5c961b5114fc8c9b7e",
            "size": 105603626,
            "url": "https://github.com/espressif/crosstool-NG/releases/download/esp-2021r1/xtensa-esp32-elf-gcc8_4_0-esp-2021r1-win32.zip"
          },
          "win64": {
            "sha256": "f28f525f6554d72fcd60bdc67b6f095d6c022df6036c3c3166dace37d6ea10b3",
            "size": 108318363,
            "url": "https://github.com/espressif/crosstool-NG/releases/download/esp-2021r1/xtensa-esp32-elf-gcc8_4_0-esp-2021r1-win64.zip"
          }
        }
      ]
    },
    {
      "description": "Toolchain for Xtensa (ESP32-S2) based on GCC",
      "export_paths": [
        [
          "xtensa-esp32s2-elf",
          "bin"
        ]
      ],
      "export_vars": {},
      "info_url": "https://github.com/espressif/crosstool-NG",
      "install": "always",
      "license": "GPL-3.0-with-GCC-exception",
      "name": "xtensa-esp32s2-elf",
      "version_cmd": [
        "xtensa-esp32s2-elf-gcc",
        "--version"
      ],
      "version_regex": "\\(crosstool-NG\\s+(?:crosstool-ng-)?([0-9a-zA-Z\\.\\-_]+)\\)\\s*([0-9\\.]+)",
      "version_regex_replace": "\\1-\\2",
      "versions": [
        {
          "linux-amd64": {
            "sha256": "b127baccfe6949ee7eaf3d0782ea772750a9b8e2732b16ce6bcc9dcd91f7209a",
            "size": 86687290,
            "url": "https://github.com/espressif/crosstool-NG/releases/download/esp-2021r1/xtensa-esp32s2-elf-gcc8_4_0-esp-2021r1-linux-amd64.tar.gz"
          },
          "linux-armel": {
            "sha256": "7ca0d240f11e1c53c01a56257b0c968f876ab405142d1068d8c9b456d939554c",
            "size": 84916701,
            "url": "https://github.com/espressif/crosstool-NG/releases/download/esp-2021r1/xtensa-esp32s2-elf-gcc8_4_0-esp-2021r1-linux-armel.tar.gz"
          },
          "linux-i686": {
            "sha256": "9941f993ff84d1c606b45ffbeeb7bcdc5a72cf24e787bb9230390510fe3511c6",
            "size": 88699953,
            "url": "https://github.com/espressif/crosstool-NG/releases/download/esp-2021r1/xtensa-esp32s2-elf-gcc8_4_0-esp-2021r1-linux-i686.tar.gz"
          },
          "macos": {
            "sha256": "4b55b1a9ca7fc945be6fc3513802b6cece9264bee4cbca76013569cec2695973",
            "size": 93757895,
            "url": "https://github.com/espressif/crosstool-NG/releases/download/esp-2021r1/xtensa-esp32s2-elf-gcc8_4_0-esp-2021r1-macos.tar.gz"
          },
          "name": "esp-2021r1-8.4.0",
          "status": "recommended",
          "win32": {
            "sha256": "c94ec1e45c81b7e4944d216bab4aa41d46849768d7761fd691661dab1a3df828",
            "size": 106013515,
            "url": "https://github.com/espressif/crosstool-NG/releases/download/esp-2021r1/xtensa-esp32s2-elf-gcc8_4_0-esp-2021r1-win32.zip"
          },
          "win64": {
            "sha256": "2a2a04e45a7dfe93356a2329162f7d013f06e3125fd7fc08a50e3bd5f4110300",
            "size": 108698715,
            "url": "https://github.com/espressif/crosstool-NG/releases/download/esp-2021r1/xtensa-esp32s2-elf-gcc8_4_0-esp-2021r1-win64.zip"
          }
        }
      ]
    },
    {
      "description": "Toolchain for Xtensa (ESP32-S3) based on GCC",
      "export_paths": [
        [
          "xtensa-esp32s3-elf",
          "bin"
        ]
      ],
      "export_vars": {},
      "info_url": "https://github.com/espressif/crosstool-NG",
      "install": "always",
      "license": "GPL-3.0-with-GCC-exception",
      "name": "xtensa-esp32s3-elf",
      "version_cmd": [
        "xtensa-esp32s3-elf-gcc",
        "--version"
      ],
      "version_regex": "\\(crosstool-NG\\s+(?:crosstool-ng-)?([0-9a-zA-Z\\.\\-_]+)\\)\\s*([0-9\\.]+)",
      "version_regex_replace": "\\1-\\2",
      "versions": [
        {
          "linux-amd64": {
            "sha256": "36e3a1bc48d9866d1ad9a7fc7d12381604b85fb311b7780a847d63ac8444dd04",
            "size": 86699731,
            "url": "https://github.com/espressif/crosstool-NG/releases/download/esp-2021r1/xtensa-esp32s3-elf-gcc8_4_0-esp-2021r1-linux-amd64.tar.gz"
          },
          "linux-armel": {
            "sha256": "5108571286f8403cc06d951efdfa20e36ace9ee37bc19892cc1c04b52cc2fe83",
            "size": 84778877,
            "url": "https://github.com/espressif/crosstool-NG/releases/download/esp-2021r1/xtensa-esp32s3-elf-gcc8_4_0-esp-2021r1-linux-armel.tar.gz"
          },
          "linux-i686": {
            "sha256": "dc126b60f4492689d675f66a60a74c63e80ac5fbb345cf541c323a0a2592541d",
            "size": 88720642,
            "url": "https://github.com/espressif/crosstool-NG/releases/download/esp-2021r1/xtensa-esp32s3-elf-gcc8_4_0-esp-2021r1-linux-i686.tar.gz"
          },
          "macos": {
            "sha256": "0887e2ff3ac20d36f6754e4f27a5e888b48db603e1026859f257f466e2569824",
            "size": 94156313,
            "url": "https://github.com/espressif/crosstool-NG/releases/download/esp-2021r1/xtensa-esp32s3-elf-gcc8_4_0-esp-2021r1-macos.tar.gz"
          },
          "name": "esp-2021r1-8.4.0",
          "status": "recommended",
          "win32": {
            "sha256": "6fb1e5b6f9606052af545176616441e00fdff64314a97b29ce349f28e5bfbab3",
            "size": 106006033,
            "url": "https://github.com/espressif/crosstool-NG/releases/download/esp-2021r1/xtensa-esp32s3-elf-gcc8_4_0-esp-2021r1-win32.zip"
          },
          "win64": {
            "sha256": "652305fc18ad653a32b00ac2de4af26c27a6c94ed39deaf09df21975a5957694",
            "size": 108872018,
            "url": "https://github.com/espressif/crosstool-NG/releases/download/esp-2021r1/xtensa-esp32s3-elf-gcc8_4_0-esp-2021r1-win64.zip"
          }
        }
      ]
    },
    {
      "description": "Toolchain for 32-bit RISC-V based on GCC",
      "export_paths": [
        [
          "riscv32-esp-elf",
          "bin"
        ]
      ],
      "export_vars": {},
      "info_url": "https://github.com/espressif/crosstool-NG",
      "install": "always",
      "license": "GPL-3.0-with-GCC-exception",
      "name": "riscv32-esp-elf",
      "version_cmd": [
        "riscv32-esp-elf-gcc",
        "--version"
      ],
      "version_regex": "\\(crosstool-NG\\s+(?:crosstool-ng-)?([0-9a-zA-Z\\.\\-_]+)\\)\\s*([0-9\\.]+)",
      "version_regex_replace": "\\1-\\2",
      "versions": [
        {
          "linux-amd64": {
            "sha256": "3459618f33bbd5f54d7d7783e807cb6eef6472a220f2f1eb3faced735b9d13bb",
            "size": 152812483,
            "url": "https://github.com/espressif/crosstool-NG/releases/download/esp-2021r1/riscv32-esp-elf-gcc8_4_0-esp-2021r1-linux-amd64.tar.gz"
          },
          "linux-armel": {
            "sha256": "24b9e54b348bbd5fb816fc4c52abb47337c702beecdbba840750b7cfb9d38069",
            "size": 151726623,
            "url": "https://github.com/espressif/crosstool-NG/releases/download/esp-2021r1/riscv32-esp-elf-gcc8_4_0-esp-2021r1-linux-armel.tar.gz"
          },
          "linux-i686": {
            "sha256": "954d340ebffef12a2ce9be1ea004e6f45a8863f1e6f41f46fd3f04f58499627c",
            "size": 155430963,
            "url": "https://github.com/espressif/crosstool-NG/releases/download/esp-2021r1/riscv32-esp-elf-gcc8_4_0-esp-2021r1-linux-i686.tar.gz"
          },
          "macos": {
            "sha256": "612fb3a3f84f703222327bd16581df8f80fda8cdf137637fe5d611587d1b664e",
            "size": 159836199,
            "url": "https://github.com/espressif/crosstool-NG/releases/download/esp-2021r1/riscv32-esp-elf-gcc8_4_0-esp-2021r1-macos.tar.gz"
          },
          "name": "esp-2021r1-8.4.0",
          "status": "recommended",
          "win32": {
            "sha256": "5711eb407ffe44adddbd1281b6b575a5645e7193ca78faefa27dc5bc5b662bec",
            "size": 191266312,
            "url": "https://github.com/espressif/crosstool-NG/releases/download/esp-2021r1/riscv32-esp-elf-gcc8_4_0-esp-2021r1-win32.zip"
          },
          "win64": {
            "sha256": "be3c9ec364bd8e92924f922a4aec73136824f16e912e6a0b5cf5b30512f0ab96",
            "size": 192799980,
            "url": "https://github.com/espressif/crosstool-NG/releases/download/esp-2021r1/riscv32-esp-elf-gcc8_4_0-esp-2021r1-win64.zip"
          }
        }
      ]
    },
    {
      "description": "Toolchain for ESP32 ULP coprocessor",
      "export_paths": [
        [
          "esp32ulp-elf-binutils",
          "bin"
        ]
      ],
      "export_vars": {},
      "info_url": "https://github.com/espressif/binutils-esp32ulp",
      "install": "always",
      "license": "GPL-2.0-or-later",
      "name": "esp32ulp-elf",
      "platform_overrides": [
        {
          "install": "never",
          "platforms": [
            "linux-i686"
          ]
        }
      ],
      "version_cmd": [
        "esp32ulp-elf-as",
        "--version"
      ],
      "version_regex": "\\(GNU Binutils\\)\\s+([0-9a-z\\.\\-]+)",
      "versions": [
        {
          "linux-amd64": {
            "sha256": "3016c4fc551181175bd9979869bc1d1f28fa8efa25a0e29ad7f833fca4bc03d7",
            "size": 8248656,
            "url": "https://github.com/espressif/binutils-esp32ulp/releases/download/v2.28.51-esp-20191205/binutils-esp32ulp-linux-amd64-2.28.51-esp-20191205.tar.gz"
          },
          "linux-armel": {
            "sha256": "88967c086a6e71834282d9ae05841ee74dae1815f27807b25cdd3f7775a47101",
            "size": 8033639,
            "url": "https://github.com/espressif/binutils-esp32ulp/releases/download/v2.28.51-esp-20191205/binutils-esp32ulp-linux-armel-2.28.51-esp-20191205.tar.gz"
          },
          "macos": {
            "sha256": "a35d9e7a0445247c7fc9dccd3fbc35682f0fafc28beeb10c94b59466317190c4",
            "size": 8872874,
            "url": "https://github.com/espressif/binutils-esp32ulp/releases/download/v2.28.51-esp-20191205/binutils-esp32ulp-macos-2.28.51-esp-20191205.tar.gz"
          },
          "name": "2.28.51-esp-20191205",
          "status": "recommended",
          "win32": {
            "sha256": "bade309353a9f0a4e5cc03bfe84845e33205f05502c4b199195e871ded271ab5",
            "size": 12234162,
            "url": "https://github.com/espressif/binutils-esp32ulp/releases/download/v2.28.51-esp-20191205/binutils-esp32ulp-win32-2.28.51-esp-20191205.zip"
          },
          "win64": {
            "sha256": "bade309353a9f0a4e5cc03bfe84845e33205f05502c4b199195e871ded271ab5",
            "size": 12234162,
            "url": "https://github.com/espressif/binutils-esp32ulp/releases/download/v2.28.51-esp-20191205/binutils-esp32ulp-win32-2.28.51-esp-20191205.zip"
          }
        }
      ]
    },
    {
      "description": "Toolchain for ESP32-S2 ULP coprocessor",
      "export_paths": [
        [
          "esp32s2ulp-elf-binutils",
          "bin"
        ]
      ],
      "export_vars": {},
      "info_url": "https://github.com/espressif/binutils-esp32ulp",
      "install": "always",
      "license": "GPL-2.0-or-later",
      "name": "esp32s2ulp-elf",
      "platform_overrides": [
        {
          "install": "never",
          "platforms": [
            "linux-i686"
          ]
        }
      ],
      "version_cmd": [
        "esp32s2ulp-elf-as",
        "--version"
      ],
      "version_regex": "\\(GNU Binutils\\)\\s+([0-9a-z\\.\\-]+)",
      "versions": [
        {
          "linux-amd64": {
            "sha256": "df7b2ff6c7c718a7cbe3b4b6dbcd68180d835d164d1913bc4698fd3781b9a466",
            "size": 8254018,
            "url": "https://github.com/espressif/binutils-esp32ulp/releases/download/v2.28.51-esp-20191205/binutils-esp32s2ulp-linux-amd64-2.28.51-esp-20191205.tar.gz"
          },
          "linux-armel": {
            "sha256": "893b213c8f716d455a6efb2b08b6cf1bc34d08b78ee19c31e82ac44b1b45417e",
            "size": 8034624,
            "url": "https://github.com/espressif/binutils-esp32ulp/releases/download/v2.28.51-esp-20191205/binutils-esp32s2ulp-linux-armel-2.28.51-esp-20191205.tar.gz"
          },
          "macos": {
            "sha256": "5a9bb678a5246638cbda303f523d9bb8121a9a24dc01ecb22c21c46c41184155",
            "size": 8876194,
            "url": "https://github.com/espressif/binutils-esp32ulp/releases/download/v2.28.51-esp-20191205/binutils-esp32s2ulp-macos-2.28.51-esp-20191205.tar.gz"
          },
          "name": "2.28.51-esp-20191205",
          "status": "recommended",
          "win32": {
            "sha256": "587de59fbb469a39f96168ae3eaa9f06b2601e6e0543c87eaf1bd97f23e5c4ca",
            "size": 12239199,
            "url": "https://github.com/espressif/binutils-esp32ulp/releases/download/v2.28.51-esp-20191205/binutils-esp32s2ulp-win32-2.28.51-esp-20191205.zip"
          },
          "win64": {
            "sha256": "587de59fbb469a39f96168ae3eaa9f06b2601e6e0543c87eaf1bd97f23e5c4ca",
            "size": 12239199,
            "url": "https://github.com/espressif/binutils-esp32ulp/releases/download/v2.28.51-esp-20191205/binutils-esp32s2ulp-win32-2.28.51-esp-20191205.zip"
          }
        }
      ]
    },
    {
      "description": "CMake build system",
      "export_paths": [
        [
          "bin"
        ]
      ],
      "export_vars": {},
      "info_url": "https://github.com/Kitware/CMake",
      "install": "on_request",
      "license": "BSD-3-Clause",
      "name": "cmake",
      "platform_overrides": [
        {
          "install": "always",
          "platforms": [
            "win32",
            "win64"
          ]
        },
        {
          "export_paths": [
            [
              "CMake.app",
              "Contents",
              "bin"
            ]
          ],
          "platforms": [
            "macos"
          ]
        }
      ],
      "strip_container_dirs": 1,
      "version_cmd": [
        "cmake",
        "--version"
      ],
      "version_regex": "cmake version ([0-9.]+)",
      "versions": [
        {
          "linux-amd64": {
            "sha256": "12a577aa04b6639766ae908f33cf70baefc11ac4499b8b1c8812d99f05fb6a02",
            "size": 39517697,
            "url": "https://github.com/Kitware/CMake/releases/download/v3.16.4/cmake-3.16.4-Linux-x86_64.tar.gz"
          },
          "macos": {
            "sha256": "f60e0ef96da48725cd8da7d6abe83cd9501167aa51625c90dd4d31081a631279",
            "size": 35802699,
            "url": "https://github.com/Kitware/CMake/releases/download/v3.16.4/cmake-3.16.4-Darwin-x86_64.tar.gz"
          },
          "name": "3.16.4",
          "status": "recommended",
          "win32": {
            "sha256": "f37963bcfcebdfe5864926a3623f6c21220c35790c39cd65e64bd521cbb39c55",
            "size": 32812189,
            "url": "https://github.com/Kitware/CMake/releases/download/v3.16.4/cmake-3.16.4-win64-x64.zip"
          },
          "win64": {
            "sha256": "f37963bcfcebdfe5864926a3623f6c21220c35790c39cd65e64bd521cbb39c55",
            "size": 32812189,
            "url": "https://github.com/Kitware/CMake/releases/download/v3.16.4/cmake-3.16.4-win64-x64.zip"
          }
        }
      ]
    },
    {
      "description": "OpenOCD for ESP32",
      "export_paths": [
        [
          "openocd-esp32",
          "bin"
        ]
      ],
      "export_vars": {
        "OPENOCD_SCRIPTS": "${TOOL_PATH}/openocd-esp32/share/openocd/scripts"
      },
      "info_url": "https://github.com/espressif/openocd-esp32",
      "install": "always",
      "license": "GPL-2.0-only",
      "name": "openocd-esp32",
      "platform_overrides": [
        {
          "install": "on_request",
          "platforms": [
            "linux-i686"
          ]
        }
      ],
      "version_cmd": [
        "openocd",
        "--version"
      ],
      "version_regex": "Open On-Chip Debugger\\s+([a-z0-9.-]+)\\s+",
      "versions": [
        {
          "linux-amd64": {
            "sha256": "0973c2503909af3e430b7a2309b6162ca375671ab2b22e37cba5159eea142139",
            "size": 1773107,
            "url": "https://github.com/espressif/openocd-esp32/releases/download/v0.10.0-esp32-20210401/openocd-esp32-linux64-0.10.0-esp32-20210401.tar.gz"
          },
          "linux-armel": {
            "sha256": "3703401322cc51f85cb44e3a14a788fdc45883051eac3428b4d7bdf323dee2c7",
            "size": 1829351,
            "url": "https://github.com/espressif/openocd-esp32/releases/download/v0.10.0-esp32-20210401/openocd-esp32-armel-0.10.0-esp32-20210401.tar.gz"
          },
          "macos": {
            "sha256": "cb9e8d486197fc6e8080fde089fa3e92770f8c7af01971a57d4ca9b424264b63",
            "size": 1859246,
            "url": "https://github.com/espressif/openocd-esp32/releases/download/v0.10.0-esp32-20210401/openocd-esp32-macos-0.10.0-esp32-20210401.tar.gz"
          },
          "name": "v0.10.0-esp32-20210401",
          "status": "recommended",
          "win32": {
            "sha256": "931bc4c4587e0713d4fc4fbc81b9a79c8228268e61fcd14b2bdcb2f8bd519ef9",
            "size": 2253723,
            "url": "https://github.com/espressif/openocd-esp32/releases/download/v0.10.0-esp32-20210401/openocd-esp32-win32-0.10.0-esp32-20210401.zip"
          },
          "win64": {
            "sha256": "931bc4c4587e0713d4fc4fbc81b9a79c8228268e61fcd14b2bdcb2f8bd519ef9",
            "size": 2253723,
            "url": "https://github.com/espressif/openocd-esp32/releases/download/v0.10.0-esp32-20210401/openocd-esp32-win32-0.10.0-esp32-20210401.zip"
          }
        }
      ]
    },
    {
      "description": "Ninja build system",
      "export_paths": [
        [
          ""
        ]
      ],
      "export_vars": {},
      "info_url": "https://github.com/ninja-build/ninja",
      "install": "on_request",
      "license": "Apache-2.0",
      "name": "ninja",
      "platform_overrides": [
        {
          "install": "always",
          "platforms": [
            "win32",
            "win64"
          ]
        }
      ],
      "version_cmd": [
        "ninja",
        "--version"
      ],
      "version_regex": "([0-9.]+)",
      "versions": [
        {
          "linux-amd64": {
            "sha256": "32bb769de4d57aa7ee0e292cfcb7553e7cc8ea0961f7aa2b3aee60aa407c4033",
            "size": 106415,
            "url": "https://dl.espressif.com/dl/ninja-1.10.2-linux64.tar.gz"
          },
          "macos": {
            "sha256": "847bb1ca4bc16d8dba6aeed3ecb5055498b86bc68c364c37583eb5738bb440f1",
            "size": 240112,
            "url": "https://dl.espressif.com/dl/ninja-1.10.2-osx.tar.gz"
          },
          "name": "1.10.2",
          "status": "recommended",
          "win64": {
            "sha256": "bbde850d247d2737c5764c927d1071cbb1f1957dcabda4a130fa8547c12c695f",
            "size": 262670,
            "url": "https://dl.espressif.com/dl/ninja-1.10.2-win64.zip"
          }
        }
      ]
    },
    {
      "description": "IDF wrapper tool for Windows",
      "export_paths": [
        [
          ""
        ]
      ],
      "export_vars": {},
      "info_url": "https://github.com/espressif/esp-idf/tree/master/tools/windows/idf_exe",
      "install": "never",
      "license": "Apache-2.0",
      "name": "idf-exe",
      "platform_overrides": [
        {
          "install": "always",
          "platforms": [
            "win32",
            "win64"
          ]
        }
      ],
      "version_cmd": [
        "idf.py.exe",
        "-v"
      ],
      "version_regex": "([0-9.]+)",
      "versions": [
        {
          "name": "1.0.1",
          "status": "recommended",
          "win32": {
            "sha256": "53eb6aaaf034cc7ed1a97d5c577afa0f99815b7793905e9408e74012d357d04a",
            "size": 11297,
            "url": "https://dl.espressif.com/dl/idf-exe-v1.0.1.zip"
          },
          "win64": {
            "sha256": "53eb6aaaf034cc7ed1a97d5c577afa0f99815b7793905e9408e74012d357d04a",
            "size": 11297,
            "url": "https://dl.espressif.com/dl/idf-exe-v1.0.1.zip"
          }
        }
      ]
    },
    {
      "description": "Ccache (compiler cache)",
      "export_paths": [
        [
          ""
        ]
      ],
      "export_vars": {
        "IDF_CCACHE_ENABLE": "1"
      },
      "info_url": "https://github.com/ccache/ccache",
      "install": "never",
      "license": "GPL-3.0-or-later",
      "name": "ccache",
      "platform_overrides": [
        {
          "install": "always",
          "platforms": [
            "win64"
          ]
        }
      ],
      "version_cmd": [
        "ccache.exe",
        "--version"
      ],
      "version_regex": "ccache version ([0-9.]+)",
      "versions": [
        {
          "name": "3.7",
          "status": "recommended",
          "win64": {
            "sha256": "37e833f3f354f1145503533e776c1bd44ec2e77ff8a2476a1d2039b0b10c78d6",
            "size": 142401,
            "url": "https://dl.espressif.com/dl/ccache-3.7-w64.zip"
          }
        }
      ]
    },
    {
      "description": "dfu-util (Device Firmware Upgrade Utilities)",
      "export_paths": [
        [
          "dfu-util-0.9-win64"
        ]
      ],
      "export_vars": {},
      "info_url": "http://dfu-util.sourceforge.net/",
      "install": "never",
      "license": "GPL-2.0-only",
      "name": "dfu-util",
      "platform_overrides": [
        {
          "install": "always",
          "platforms": [
            "win64"
          ]
        }
      ],
      "version_cmd": [
        "dfu-util",
        "--version"
      ],
      "version_regex": "dfu-util ([0-9.]+)",
      "versions": [
        {
          "name": "0.9",
          "status": "recommended",
          "win64": {
            "sha256": "5816d7ec68ef3ac07b5ac9fb9837c57d2efe45b6a80a2f2bbe6b40b1c15c470e",
            "size": 735635,
            "url": "https://dl.espressif.com/dl/dfu-util-0.9-win64.zip"
          }
        }
      ]
    }
  ],
  "version": 1
}
